title,runtime,genre(s),director(s),writer(s),actor(s),rating(s),number of rating(s)
The Shawshank Redemption ,1994,"
                        2h 22min
                    ","
Crime; 
Drama
","""Frank Darabont""","""Stephen King;Frank Darabont""","""Tim Robbins;Morgan Freeman;Bob Gunton""",9.3,"1,911,656"
The Godfather ,1972,"
                        2h 55min
                    ","
Crime; 
Drama
","""Francis Ford Coppola""","""Mario Puzo;Francis Ford Coppola""","""Marlon Brando;Al Pacino;James Caan""",9.2,"1,306,324"
The Godfather: Part II ,1974,"
                        3h 22min
                    ","
Crime; 
Drama
","""Francis Ford Coppola""","""Francis Ford Coppola;Mario Puzo""","""Al Pacino;Robert De Niro;Robert Duvall""",9.0,"901,660"
The Dark Knight ,2008,"
                        2h 32min
                    ","
Action; 
Crime; 
Thriller
","""Christopher Nolan""","""Jonathan Nolan;Christopher Nolan""","""Christian Bale;Heath Ledger;Aaron Eckhart""",9.0,"1,884,409"
12 Angry Men ,1957,"
                        1h 36min
                    ","
Crime; 
Drama
","""Sidney Lumet""","""Reginald Rose;Reginald Rose""","""Henry Fonda;Lee J. Cobb;Martin Balsam""",8.9,"526,638"
Schindler's List ,1993,"
                        3h 15min
                    ","
Biography; 
Drama; 
History
","""Steven Spielberg""","""Thomas Keneally;Steven Zaillian""","""Liam Neeson;Ralph Fiennes;Ben Kingsley""",8.9,"983,790"
Pulp Fiction ,1994,"
                        2h 34min
                    ","
Crime; 
Drama
","""Quentin Tarantino""","""Quentin Tarantino;Roger Avary""","""John Travolta;Uma Thurman;Samuel L. Jackson""",8.9,"1,493,955"
The Lord of the Rings: The Return of the King ,2003,"
                        3h 21min
                    ","
Adventure; 
Drama; 
Fantasy
","""Peter Jackson""","""J.R.R. Tolkien;Fran Walsh""","""Elijah Wood;Viggo Mortensen;Ian McKellen""",8.9,"1,364,994"
"Il buono, il brutto, il cattivo ",1966,"
                        2h 41min
                    ","
Western
","""Sergio Leone""","""Luciano Vincenzoni;Sergio Leone""","""Clint Eastwood;Eli Wallach;Lee Van Cleef""",8.9,"565,567"
Fight Club ,1999,"
                        2h 19min
                    ","
Drama
","""David Fincher""","""Chuck Palahniuk;Jim Uhls""","""Brad Pitt;Edward Norton;Meat Loaf""",8.8,"1,531,175"
The Lord of the Rings: The Fellowship of the Ring ,2001,"
                        2h 58min
                    ","
Adventure; 
Drama; 
Fantasy
","""Peter Jackson""","""J.R.R. Tolkien;Fran Walsh""","""Elijah Wood;Ian McKellen;Orlando Bloom""",8.8,"1,385,019"
Forrest Gump ,1994,"
                        2h 22min
                    ","
Drama; 
Romance
","""Robert Zemeckis""","""Winston Groom;Eric Roth""","""Tom Hanks;Robin Wright;Gary Sinise""",8.8,"1,444,931"
Star Wars: Episode V - The Empire Strikes Back ,1980,"
                        2h 4min
                    ","
Action; 
Adventure; 
Fantasy
","""Irvin Kershner""","""Leigh Brackett;Lawrence Kasdan""","""Mark Hamill;Harrison Ford;Carrie Fisher""",8.8,"960,735"
Inception ,2010,"
                        2h 28min
                    ","
Action; 
Adventure; 
Sci-Fi
","""Christopher Nolan""","""Christopher Nolan""","""Leonardo DiCaprio;Joseph Gordon-Levitt;Ellen Page""",8.8,"1,672,665"
The Lord of the Rings: The Two Towers ,2002,"
                        2h 59min
                    ","
Adventure; 
Drama; 
Fantasy
","""Peter Jackson""","""J.R.R. Tolkien;Fran Walsh""","""Elijah Wood;Ian McKellen;Viggo Mortensen""",8.7,"1,235,688"
One Flew Over the Cuckoo's Nest ,1975,"
                        2h 13min
                    ","
Drama
","""Milos Forman""","""Lawrence Hauben;Bo Goldman""","""Jack Nicholson;Louise Fletcher;Michael Berryman""",8.7,"761,965"
Goodfellas ,1990,"
                        2h 26min
                    ","
Biography; 
Crime; 
Drama
","""Martin Scorsese""","""Nicholas Pileggi;Nicholas Pileggi""","""Robert De Niro;Ray Liotta;Joe Pesci""",8.7,"823,091"
The Matrix ,1999,"
                        2h 16min
                    ","
Action; 
Sci-Fi
","""Lana Wachowski;Lilly Wachowski""","""Lilly Wachowski;Lana Wachowski""","""Keanu Reeves;Laurence Fishburne;Carrie-Anne Moss""",8.7,"1,373,743"
Shichinin no samurai ,1954,"
                        3h 27min
                    ","
Adventure; 
Drama
","""Akira Kurosawa""","""Akira Kurosawa;Shinobu Hashimoto""","""Toshirô Mifune;Takashi Shimura;Keiko Tsushima""",8.7,"257,074"
Star Wars: Episode IV - A New Hope ,1977,"
                        2h 1min
                    ","
Action; 
Adventure; 
Fantasy
","""George Lucas""","""George Lucas""","""Mark Hamill;Harrison Ford;Carrie Fisher""",8.6,"1,033,078"
Cidade de Deus ,2002,"
                        2h 10min
                    ","
Crime; 
Drama
","""Fernando Meirelles;Kátia Lund""","""Paulo Lins;Bráulio Mantovani""","""Alexandre Rodrigues;Leandro Firmino;Matheus Nachtergaele""",8.6,"593,862"
Se7en ,1995,"
                        2h 7min
                    ","
Crime; 
Drama; 
Mystery
","""David Fincher""","""Andrew Kevin Walker""","""Morgan Freeman;Brad Pitt;Kevin Spacey""",8.6,"1,165,327"
The Silence of the Lambs ,1991,"
                        1h 58min
                    ","
Crime; 
Drama; 
Thriller
","""Jonathan Demme""","""Thomas Harris;Ted Tally""","""Jodie Foster;Anthony Hopkins;Lawrence A. Bonney""",8.6,"1,018,869"
It's a Wonderful Life ,1946,"
                        2h 10min
                    ","
Drama; 
Family; 
Fantasy
","""Frank Capra""","""Frances Goodrich;Albert Hackett""","""James Stewart;Donna Reed;Lionel Barrymore""",8.6,"319,573"
La vita è bella ,1997,"
                        1h 56min
                    ","
Comedy; 
Drama; 
War
","""Roberto Benigni""","""Vincenzo Cerami;Roberto Benigni""","""Roberto Benigni;Nicoletta Braschi;Giorgio Cantarini""",8.6,"492,314"
The Usual Suspects ,1995,"
                        1h 46min
                    ","
Crime; 
Drama; 
Mystery
","""Bryan Singer""","""Christopher McQuarrie""","""Kevin Spacey;Gabriel Byrne;Chazz Palminteri""",8.6,"833,961"
Léon ,1994,"
                        1h 50min
                    ","
Crime; 
Drama; 
Thriller
","""Luc Besson""","""Luc Besson""","""Jean Reno;Gary Oldman;Natalie Portman""",8.6,"831,536"
De reis van Chihiro ,2001,"
                        2h 5min
                    ","
Animation; 
Adventure; 
Family
","""Hayao Miyazaki;Kirk Wise""","""Hayao Miyazaki""","""Daveigh Chase;Suzanne Pleshette;Miyu Irino""",8.6,"492,994"
Saving Private Ryan ,1998,"
                        2h 49min
                    ","
Drama; 
War
","""Steven Spielberg""","""Robert Rodat""","""Tom Hanks;Matt Damon;Tom Sizemore""",8.6,"1,006,321"
Interstellar ,2014,"
                        2h 49min
                    ","
Adventure; 
Drama; 
Sci-Fi
","""Christopher Nolan""","""Jonathan Nolan;Christopher Nolan""","""Matthew McConaughey;Anne Hathaway;Jessica Chastain""",8.6,"1,139,711"
American History X ,1998,"
                        1h 59min
                    ","
Crime; 
Drama
","""Tony Kaye""","""David McKenna""","""Edward Norton;Edward Furlong;Beverly D'Angelo""",8.5,"878,274"
The Green Mile ,1999,"
                        3h 9min
                    ","
Crime; 
Drama; 
Fantasy
","""Frank Darabont""","""Stephen King;Frank Darabont""","""Tom Hanks;Michael Clarke Duncan;David Morse""",8.5,"907,128"
Once Upon a Time in the West ,1968,"
                        2h 44min
                    ","
Western
","""Sergio Leone""","""Sergio Donati;Sergio Leone""","""Henry Fonda;Charles Bronson;Claudia Cardinale""",8.5,"245,739"
Psycho ,1960,"
                        1h 49min
                    ","
Horror; 
Mystery; 
Thriller
","""Alfred Hitchcock""","""Joseph Stefano;Robert Bloch""","""Anthony Perkins;Janet Leigh;Vera Miles""",8.5,"482,445"
City Lights ,1931,"
                        1h 27min
                    ","
Comedy; 
Drama; 
Romance
","""Charles Chaplin""","""Charles Chaplin""","""Charles Chaplin;Virginia Cherrill;Florence Lee""",8.6,"127,661"
Casablanca ,1942,"
                        1h 42min
                    ","
Drama; 
Romance; 
War
","""Michael Curtiz""","""Julius J. Epstein;Philip G. Epstein""","""Humphrey Bogart;Ingrid Bergman;Paul Henreid""",8.5,"434,767"
The Intouchables ,2011,"
                        1h 52min
                    ","
Biography; 
Comedy; 
Drama
","""Olivier Nakache;Éric Toledano""","""Olivier Nakache;Éric Toledano""","""François Cluzet;Omar Sy;Anne Le Ny""",8.6,"600,213"
Modern Times ,1936,"
                        1h 27min
                    ","
Comedy; 
Drama; 
Family
","""Charles Chaplin""","""Charles Chaplin""","""Charles Chaplin;Paulette Goddard;Henry Bergman""",8.5,"167,597"
The Pianist ,2002,"
                        2h 30min
                    ","
Biography; 
Drama; 
Music
","""Roman Polanski""","""Ronald Harwood;Wladyslaw Szpilman""","""Adrien Brody;Thomas Kretschmann;Frank Finlay""",8.5,"575,526"
The Departed ,2006,"
                        2h 31min
                    ","
Crime; 
Drama; 
Thriller
","""Martin Scorsese""","""William Monahan;Alan Mak""","""Leonardo DiCaprio;Matt Damon;Jack Nicholson""",8.5,"985,789"
Indiana Jones and the Raiders of the Lost Ark ,1981,"
                        1h 55min
                    ","
Action; 
Adventure
","""Steven Spielberg""","""Lawrence Kasdan;George Lucas""","""Harrison Ford;Karen Allen;Paul Freeman""",8.5,"741,352"
Terminator 2: Judgment Day ,1991,"
                        2h 17min
                    ","
Action; 
Sci-Fi; 
Thriller
","""James Cameron""","""James Cameron;William Wisher""","""Arnold Schwarzenegger;Linda Hamilton;Edward Furlong""",8.5,"833,010"
Rear Window ,1954,"
                        1h 52min
                    ","
Mystery; 
Thriller
","""Alfred Hitchcock""","""John Michael Hayes;Cornell Woolrich""","""James Stewart;Grace Kelly;Wendell Corey""",8.5,"359,576"
Back to the Future ,1985,"
                        1h 56min
                    ","
Adventure; 
Comedy; 
Sci-Fi
","""Robert Zemeckis""","""Robert Zemeckis;Bob Gale""","""Michael J. Fox;Christopher Lloyd;Lea Thompson""",8.5,"840,883"
Whiplash ,2014,"
                        1h 47min
                    ","
Drama; 
Music
","""Damien Chazelle""","""Damien Chazelle""","""Miles Teller;J.K. Simmons;Melissa Benoist""",8.5,"528,623"
Gladiator ,2000,"
                        2h 35min
                    ","
Action; 
Adventure; 
Drama
","""Ridley Scott""","""David Franzoni;David Franzoni""","""Russell Crowe;Joaquin Phoenix;Connie Nielsen""",8.5,"1,107,965"
Coco ,2017,"
                        1h 45min
                    ","
Animation; 
Adventure; 
Comedy
","""Lee Unkrich;Adrian Molina""","""Lee Unkrich;Jason Katz""","""Anthony Gonzalez;Gael García Bernal;Benjamin Bratt""",8.6,"84,594"
De Leeuwenkoning ,1994,"
                        1h 28min
                    ","
Animation; 
Adventure; 
Drama
","""Roger Allers;Rob Minkoff""","""Irene Mecchi;Jonathan Roberts""","""Matthew Broderick;Jeremy Irons;James Earl Jones""",8.5,"745,613"
The Prestige ,2006,"
                        2h 10min
                    ","
Drama; 
Mystery; 
Sci-Fi
","""Christopher Nolan""","""Jonathan Nolan;Christopher Nolan""","""Christian Bale;Hugh Jackman;Scarlett Johansson""",8.5,"971,031"
Memento ,2000,"
                        1h 53min
                    ","
Mystery; 
Thriller
","""Christopher Nolan""","""Christopher Nolan;Jonathan Nolan""","""Guy Pearce;Carrie-Anne Moss;Joe Pantoliano""",8.5,"952,511"
Apocalypse Now ,1979,"
                        2h 27min
                    ","
Drama; 
War
","""Francis Ford Coppola""","""John Milius;Francis Ford Coppola""","""Martin Sheen;Marlon Brando;Robert Duvall""",8.5,"502,729"
Alien ,1979,"
                        1h 56min
                    ","
Horror; 
Sci-Fi
","""Ridley Scott""","""Dan O'Bannon;Ronald Shusett""","""Sigourney Weaver;Tom Skerritt;John Hurt""",8.5,"651,061"
De dictator ,1940,"
                        2h 5min
                    ","
Comedy; 
Drama; 
War
","""Charles Chaplin""","""Charles Chaplin""","""Charles Chaplin;Paulette Goddard;Jack Oakie""",8.5,"160,117"
Nuovo Cinema Paradiso ,1988,"
                        2h 35min
                    ","
Drama
","""Giuseppe Tornatore""","""Giuseppe Tornatore;Giuseppe Tornatore""","""Philippe Noiret;Enzo Cannavale;Antonella Attili""",8.5,"177,325"
Sunset Blvd. ,1950,"
                        1h 50min
                    ","
Drama; 
Film-Noir
","""Billy Wilder""","""Charles Brackett;Billy Wilder""","""William Holden;Gloria Swanson;Erich von Stroheim""",8.5,"159,415"
Dr. Strangelove or: How I Learned to Stop Worrying and Love the Bomb ,1964,"
                        1h 35min
                    ","
Comedy; 
War
","""Stanley Kubrick""","""Stanley Kubrick;Terry Southern""","""Peter Sellers;George C. Scott;Sterling Hayden""",8.5,"382,842"
Hotaru no haka ,1988,"
                        1h 29min
                    ","
16 April 1988 (Japan)

 ","""Isao Takahata""","""Akiyuki Nosaka;Isao Takahata""","""Tsutomu Tatsumi;Ayano Shiraishi;Akemi Yamaguchi""",8.5,"167,307"
Das Leben der Anderen ,2006,"
                        2h 17min
                    ","
Drama; 
Thriller
","""Florian Henckel von Donnersmarck""","""Florian Henckel von Donnersmarck""","""Ulrich Mühe;Martina Gedeck;Sebastian Koch""",8.5,"293,441"
Paths of Glory ,1957,"
                        1h 28min
                    ","
Drama; 
War
","""Stanley Kubrick""","""Stanley Kubrick;Calder Willingham""","""Kirk Douglas;Ralph Meeker;Adolphe Menjou""",8.4,"138,563"
Django Unchained ,2012,"
                        2h 45min
                    ","
Drama; 
Western
","""Quentin Tarantino""","""Quentin Tarantino""","""Jamie Foxx;Christoph Waltz;Leonardo DiCaprio""",8.4,"1,101,146"
The Shining ,1980,"
                        2h 26min
                    ","
Drama; 
Horror
","""Stanley Kubrick""","""Stephen King;Stanley Kubrick""","""Jack Nicholson;Shelley Duvall;Danny Lloyd""",8.4,"700,610"
WALL·E ,2008,"
                        1h 38min
                    ","
Animation; 
Adventure; 
Family
","""Andrew Stanton""","""Andrew Stanton;Pete Docter""","""Ben Burtt;Elissa Knight;Jeff Garlin""",8.4,"822,354"
American Beauty ,1999,"
                        2h 2min
                    ","
Drama
","""Sam Mendes""","""Alan Ball""","""Kevin Spacey;Annette Bening;Thora Birch""",8.4,"920,777"
Mononoke-hime ,1997,"
                        2h 14min
                    ","
Animation; 
Adventure; 
Fantasy
","""Hayao Miyazaki""","""Hayao Miyazaki;Neil Gaiman""","""Yôji Matsuda;Yuriko Ishida;Yûko Tanaka""",8.4,"261,010"
The Dark Knight Rises ,2012,"
                        2h 44min
                    ","
Action; 
Thriller
","""Christopher Nolan""","""Jonathan Nolan;Christopher Nolan""","""Christian Bale;Tom Hardy;Anne Hathaway""",8.4,"1,281,768"
Witness for the Prosecution ,1957,"
                        1h 56min
                    ","
Crime; 
Drama; 
Mystery
","""Billy Wilder""","""Agatha Christie;Billy Wilder""","""Tyrone Power;Marlene Dietrich;Charles Laughton""",8.4,"76,966"
Oldeuboi ,2003,"
                        2h
                    ","
Mystery; 
Thriller
","""Chan-wook Park""","""Garon Tsuchiya;Nobuaki Minegishi""","""Min-sik Choi;Ji-tae Yu;Hye-jeong Kang""",8.4,"412,932"
Aliens ,1986,"
                        2h 17min
                    ","
Action; 
Adventure; 
Sci-Fi
","""James Cameron""","""James Cameron;David Giler""","""Sigourney Weaver;Michael Biehn;Carrie Henn""",8.4,"553,318"
Once Upon a Time in America ,1984,"
                        3h 49min
                    ","
Crime; 
Drama
","""Sergio Leone""","""Harry Grey;Leonardo Benvenuti""","""Robert De Niro;James Woods;Elizabeth McGovern""",8.4,"250,279"
Das Boot ,1981,"
                        2h 29min
                    ","
Adventure; 
Drama; 
Thriller
","""Wolfgang Petersen""","""Wolfgang Petersen;Lothar G. Buchheim""","""Jürgen Prochnow;Herbert Grönemeyer;Klaus Wennemann""",8.4,"189,433"
Citizen Kane ,1941,"
                        1h 59min
                    ","
Drama; 
Mystery
","""Orson Welles""","""Herman J. Mankiewicz;Orson Welles""","""Orson Welles;Joseph Cotten;Dorothy Comingore""",8.4,"332,660"
Vertigo ,1958,"
                        2h 8min
                    ","
Mystery; 
Romance; 
Thriller
","""Alfred Hitchcock""","""Alec Coppel;Samuel A. Taylor""","""James Stewart;Kim Novak;Barbara Bel Geddes""",8.4,"286,757"
North by Northwest ,1959,"
                        2h 16min
                    ","
Action; 
Adventure; 
Mystery
","""Alfred Hitchcock""","""Ernest Lehman""","""Cary Grant;Eva Marie Saint;James Mason""",8.4,"246,245"
Dangal ,2016,"
                        2h 41min
                    ","
23 December 2016 (Netherlands)

 ","""Nitesh Tiwari""","""Piyush Gupta;Shreyas Jain""","""Aamir Khan;Sakshi Tanwar;Fatima Sana Shaikh""",8.6,"83,476"
Braveheart ,1995,"
                        2h 58min
                    ","
Biography; 
Drama; 
History
","""Mel Gibson""","""Randall Wallace""","""Mel Gibson;Sophie Marceau;Patrick McGoohan""",8.4,"826,887"
Star Wars: Episode VI - Return of the Jedi ,1983,"
                        2h 11min
                    ","
Action; 
Adventure; 
Fantasy
","""Richard Marquand""","""Lawrence Kasdan;George Lucas""","""Mark Hamill;Harrison Ford;Carrie Fisher""",8.3,"789,192"
Reservoir Dogs ,1992,"
                        1h 39min
                    ","
Crime; 
Drama; 
Thriller
","""Quentin Tarantino""","""Quentin Tarantino;Roger Avary""","""Harvey Keitel;Tim Roth;Michael Madsen""",8.3,"754,299"
M ,1931,"
                        1h 57min
                    ","
Crime; 
Drama; 
Mystery
","""Fritz Lang""","""Thea von Harbou;Fritz Lang""","""Peter Lorre;Ellen Widmann;Inge Landgut""",8.4,"113,132"
Kimi no na wa. ,2016,"
                        1h 46min
                    ","
Animation; 
Drama; 
Fantasy
","""Makoto Shinkai""","""Makoto Shinkai;Makoto Shinkai""","""Ryûnosuke Kamiki;Mone Kamishiraishi;Ryô Narita""",8.5,"76,674"
Requiem for a Dream ,2000,"
                        1h 42min
                    ","
Drama
","""Darren Aronofsky""","""Hubert Selby Jr.;Hubert Selby Jr.""","""Ellen Burstyn;Jared Leto;Jennifer Connelly""",8.3,"646,645"
Taare Zameen Par ,2007,"
                        2h 45min
                    ","
Drama; 
Family
","""Aamir Khan;Amole Gupte""","""Amole Gupte;Amole Gupte""","""Darsheel Safary;Aamir Khan;Tanay Chheda""",8.5,"116,022"
Amélie ,2001,"
                        2h 2min
                    ","
Comedy; 
Romance
","""Jean-Pierre Jeunet""","""Guillaume Laurant;Jean-Pierre Jeunet""","""Audrey Tautou;Mathieu Kassovitz;Rufus""",8.3,"601,639"
A Clockwork Orange ,1971,"
                        2h 16min
                    ","
Crime; 
Drama; 
Sci-Fi
","""Stanley Kubrick""","""Stanley Kubrick;Anthony Burgess""","""Malcolm McDowell;Patrick Magee;Michael Bates""",8.3,"630,594"
Amadeus ,1984,"
                        2h 40min
                    ","
Biography; 
Drama; 
History
","""Milos Forman""","""Peter Shaffer;Peter Shaffer""","""F. Murray Abraham;Tom Hulce;Elizabeth Berridge""",8.3,"306,836"
Lawrence of Arabia ,1962,"
                        3h 36min
                    ","
Adventure; 
Biography; 
Drama
","""David Lean""","""T.E. Lawrence;Robert Bolt""","""Peter O'Toole;Alec Guinness;Anthony Quinn""",8.3,"218,298"
Double Indemnity ,1944,"
                        1h 47min
                    ","
Crime; 
Drama; 
Film-Noir
","""Billy Wilder""","""Billy Wilder;Raymond Chandler""","""Fred MacMurray;Barbara Stanwyck;Edward G. Robinson""",8.3,"112,089"
Eternal Sunshine of the Spotless Mind ,2004,"
                        1h 48min
                    ","
Drama; 
Romance; 
Sci-Fi
","""Michel Gondry""","""Charlie Kaufman;Michel Gondry""","""Jim Carrey;Kate Winslet;Tom Wilkinson""",8.3,"754,915"
Taxi Driver ,1976,"
                        1h 54min
                    ","
Crime; 
Drama
","""Martin Scorsese""","""Paul Schrader""","""Robert De Niro;Jodie Foster;Cybill Shepherd""",8.3,"578,131"
To Kill a Mockingbird ,1962,"
                        2h 9min
                    ","
Crime; 
Drama
","""Robert Mulligan""","""Harper Lee;Horton Foote""","""Gregory Peck;John Megna;Frank Overton""",8.3,"246,268"
Singin' in the Rain ,1952,"
                        1h 43min
                    ","
Comedy; 
Musical; 
Romance
","""Stanley Donen;Gene Kelly""","""Betty Comden;Adolph Green""","""Gene Kelly;Donald O'Connor;Debbie Reynolds""",8.3,"175,245"
2001: A Space Odyssey ,1968,"
                        2h 29min
                    ","
Adventure; 
Sci-Fi
","""Stanley Kubrick""","""Stanley Kubrick;Arthur C. Clarke""","""Keir Dullea;Gary Lockwood;William Sylvester""",8.3,"487,718"
Full Metal Jacket ,1987,"
                        1h 56min
                    ","
Drama; 
War
","""Stanley Kubrick""","""Gustav Hasford;Stanley Kubrick""","""Matthew Modine;R. Lee Ermey;Vincent D'Onofrio""",8.3,"552,532"
3 Idiots ,2009,"
                        2h 50min
                    ","
Comedy; 
Drama
","""Rajkumar Hirani""","""Rajkumar Hirani;Abhijat Joshi""","""Aamir Khan;Madhavan;Mona Singh""",8.4,"261,276"
Toy Story ,1995,"
                        1h 21min
                    ","
Animation; 
Adventure; 
Comedy
","""John Lasseter""","""John Lasseter;Pete Docter""","""Tom Hanks;Tim Allen;Don Rickles""",8.3,"714,072"
The Sting ,1973,"
                        2h 9min
                    ","
Comedy; 
Crime; 
Drama
","""George Roy Hill""","""David S. Ward""","""Paul Newman;Robert Redford;Robert Shaw""",8.3,"198,393"
Ladri di biciclette ,1948,"
                        1h 29min
                    ","
Drama
","""Vittorio De Sica""","""Cesare Zavattini;Luigi Bartolini""","""Lamberto Maggiorani;Enzo Staiola;Lianella Carell""",8.3,"110,424"
Inglourious Basterds ,2009,"
                        2h 33min
                    ","
Adventure; 
Drama; 
War
","""Quentin Tarantino;Eli Roth""","""Quentin Tarantino""","""Brad Pitt;Diane Kruger;Eli Roth""",8.3,"1,017,289"
Toy Story 3 ,2010,"
                        1h 43min
                    ","
Animation; 
Adventure; 
Comedy
","""Lee Unkrich""","""John Lasseter;Andrew Stanton""","""Tom Hanks;Tim Allen;Joan Cusack""",8.3,"619,398"
The Kid ,1921,"
                        1h 8min
                    ","
6 February 1921 (USA)

 ","""Charles Chaplin""","""Charles Chaplin""","""Charles Chaplin;Edna Purviance;Jackie Coogan""",8.3,"82,129"
Snatch ,2000,"
                        1h 44min
                    ","
Comedy; 
Crime
","""Guy Ritchie""","""Guy Ritchie""","""Jason Statham;Brad Pitt;Benicio Del Toro""",8.3,"669,015"
Jagten ,2012,"
                        1h 55min
                    ","
Drama
","""Thomas Vinterberg""","""Tobias Lindholm;Thomas Vinterberg""","""Mads Mikkelsen;Thomas Bo Larsen;Annika Wedderkopp""",8.3,"209,736"
Good Will Hunting ,1997,"
                        2h 6min
                    ","
Drama
","""Gus Van Sant""","""Matt Damon;Ben Affleck""","""Robin Williams;Matt Damon;Ben Affleck""",8.3,"696,409"
Monty Python and the Holy Grail ,1975,"
                        1h 31min
                    ","
Adventure; 
Comedy; 
Fantasy
","""Terry Gilliam;Terry Jones""","""Graham Chapman;John Cleese""","""Graham Chapman;John Cleese;Eric Idle""",8.3,"423,485"
Per qualche dollaro in più ,1965,"
                        2h 12min
                    ","
Western
","""Sergio Leone""","""Sergio Leone;Fulvio Morsella""","""Clint Eastwood;Lee Van Cleef;Gian Maria Volontè""",8.3,"182,194"
Scarface ,1983,"
                        2h 50min
                    ","
Crime; 
Drama
","""Brian De Palma""","""Oliver Stone""","""Al Pacino;Michelle Pfeiffer;Steven Bauer""",8.3,"606,648"
L.A. Confidential ,1997,"
                        2h 18min
                    ","
Crime; 
Drama; 
Mystery
","""Curtis Hanson""","""James Ellroy;Brian Helgeland""","""Kevin Spacey;Russell Crowe;Guy Pearce""",8.3,"457,890"
The Apartment ,1960,"
                        2h 5min
                    ","
Comedy; 
Drama; 
Romance
","""Billy Wilder""","""Billy Wilder;I.A.L. Diamond""","""Jack Lemmon;Shirley MacLaine;Fred MacMurray""",8.3,"126,156"
Metropolis ,1927,"
                        2h 33min
                    ","
Drama; 
Sci-Fi
","""Fritz Lang""","""Thea von Harbou;Thea von Harbou""","""Brigitte Helm;Alfred Abel;Gustav Fröhlich""",8.3,"127,798"
Jodaeiye Nader az Simin ,2011,"
                        2h 3min
                    ","
Drama; 
Mystery
","""Asghar Farhadi""","""Asghar Farhadi""","""Payman Maadi;Leila Hatami;Sareh Bayat""",8.4,"175,139"
"Three Billboards Outside Ebbing, Missouri ",2017,"
                        1h 55min
                    ","
Crime; 
Drama
","""Martin McDonagh""","""Martin McDonagh""","""Frances McDormand;Woody Harrelson;Sam Rockwell""",8.3,"90,368"
Rashômon ,1950,"
                        1h 28min
                    ","
Crime; 
Drama; 
Mystery
","""Akira Kurosawa""","""Ryûnosuke Akutagawa;Akira Kurosawa""","""Toshirô Mifune;Machiko Kyô;Masayuki Mori""",8.3,"118,001"
Indiana Jones and the Last Crusade ,1989,"
                        2h 7min
                    ","
Action; 
Adventure; 
Fantasy
","""Steven Spielberg""","""Jeffrey Boam;George Lucas""","""Harrison Ford;Sean Connery;Alison Doody""",8.3,"580,721"
Yôjinbô ,1961,"
                        1h 50min
                    ","
Action; 
Drama; 
Thriller
","""Akira Kurosawa""","""Akira Kurosawa;Akira Kurosawa""","""Toshirô Mifune;Eijirô Tôno;Tatsuya Nakadai""",8.3,"84,593"
All About Eve ,1950,"
                        2h 18min
                    ","
27 October 1950 (USA)

 ","""Joseph L. Mankiewicz""","""Joseph L. Mankiewicz""","""Bette Davis;Anne Baxter;George Sanders""",8.3,"94,986"
Up ,2009,"
                        1h 36min
                    ","
Animation; 
Adventure; 
Comedy
","""Pete Docter;Bob Peterson""","""Pete Docter;Bob Peterson""","""Edward Asner;Jordan Nagai;John Ratzenberger""",8.3,"764,434"
Batman Begins ,2005,"
                        2h 20min
                    ","
Action; 
Adventure; 
Thriller
","""Christopher Nolan""","""Bob Kane;David S. Goyer""","""Christian Bale;Michael Caine;Ken Watanabe""",8.3,"1,101,078"
Babam ve Oglum ,2005,"
                        1h 48min
                    ","
18 November 2005 (Turkey)

 ","""Çagan Irmak""","""Çagan Irmak""","""Resit Kurt;Fikret Kuskan;Çetin Tekindor""",8.5,"53,325"
Some Like It Hot ,1959,"
                        2h 1min
                    ","
Comedy; 
Romance
","""Billy Wilder""","""Billy Wilder;I.A.L. Diamond""","""Marilyn Monroe;Tony Curtis;Jack Lemmon""",8.3,"198,402"
The Treasure of the Sierra Madre ,1948,"
                        2h 6min
                    ","
Adventure; 
Drama; 
Western
","""John Huston""","""John Huston;B. Traven""","""Humphrey Bogart;Walter Huston;Tim Holt""",8.3,"89,943"
Unforgiven ,1992,"
                        2h 10min
                    ","
Drama; 
Western
","""Clint Eastwood""","""David Webb Peoples""","""Clint Eastwood;Gene Hackman;Morgan Freeman""",8.2,"311,685"
Der Untergang ,2004,"
                        2h 36min
                    ","
Biography; 
Drama; 
History
","""Oliver Hirschbiegel""","""Bernd Eichinger;Joachim Fest""","""Bruno Ganz;Alexandra Maria Lara;Ulrich Matthes""",8.2,"279,500"
Die Hard ,1988,"
                        2h 12min
                    ","
Action; 
Thriller
","""John McTiernan""","""Roderick Thorp;Jeb Stuart""","""Bruce Willis;Alan Rickman;Bonnie Bedelia""",8.2,"663,741"
Heat ,1995,"
                        2h 50min
                    ","
Crime; 
Drama; 
Thriller
","""Michael Mann""","""Michael Mann""","""Al Pacino;Robert De Niro;Val Kilmer""",8.2,"481,496"
Raging Bull ,1980,"
                        2h 9min
                    ","
Biography; 
Drama; 
Sport
","""Martin Scorsese""","""Jake LaMotta;Joseph Carter""","""Robert De Niro;Cathy Moriarty;Joe Pesci""",8.2,"262,772"
Ikiru ,1952,"
                        2h 23min
                    ","
Drama
","""Akira Kurosawa""","""Akira Kurosawa;Shinobu Hashimoto""","""Takashi Shimura;Nobuo Kaneko;Shin'ichi Himori""",8.3,"49,220"
The Great Escape ,1963,"
                        2h 52min
                    ","
Adventure; 
Drama; 
History
","""John Sturges""","""Paul Brickhill;James Clavell""","""Steve McQueen;James Garner;Richard Attenborough""",8.2,"186,321"
The Third Man ,1949,"
                        1h 44min
                    ","
Film-Noir; 
Mystery; 
Thriller
","""Carol Reed""","""Graham Greene;Graham Greene""","""Orson Welles;Joseph Cotten;Alida Valli""",8.2,"128,694"
Bacheha-Ye aseman ,1997,"
                        1h 29min
                    ","
Drama; 
Family
","""Majid Majidi""","""Majid Majidi""","""Mohammad Amir Naji;Amir Farrokh Hashemian;Bahare Seddiqi""",8.4,"40,088"
Chinatown ,1974,"
                        2h 10min
                    ","
Drama; 
Mystery; 
Thriller
","""Roman Polanski""","""Robert Towne""","""Jack Nicholson;Faye Dunaway;John Huston""",8.2,"243,068"
Pan's Labyrinth ,2006,"
                        1h 58min
                    ","
Drama; 
Fantasy; 
War
","""Guillermo del Toro""","""Guillermo del Toro""","""Ivana Baquero;Ariadna Gil;Sergi López""",8.2,"525,738"
Incendies ,2010,"
                        2h 11min
                    ","
Drama; 
Mystery; 
War
","""Denis Villeneuve""","""Denis Villeneuve;Wajdi Mouawad""","""Lubna Azabal;Mélissa Désormeaux-Poulin;Maxim Gaudette""",8.2,"103,727"
Tonari no Totoro ,1988,"
                        1h 26min
                    ","
16 April 1988 (Japan)

 ","""Hayao Miyazaki""","""Hayao Miyazaki""","""Hitoshi Takagi;Noriko Hidaka;Chika Sakamoto""",8.2,"207,667"
Ran ,1985,"
                        2h 42min
                    ","
Action; 
Drama
","""Akira Kurosawa""","""Akira Kurosawa;Hideo Oguni""","""Tatsuya Nakadai;Akira Terao;Jinpachi Nezu""",8.2,"87,851"
Oordeel te Neurenberg ,1961,"
                        3h 6min
                    ","
Drama; 
War
","""Stanley Kramer""","""Abby Mann;Abby Mann""","""Spencer Tracy;Burt Lancaster;Richard Widmark""",8.3,"52,524"
El secreto de sus ojos ,2009,"
                        2h 9min
                    ","
Drama; 
Mystery; 
Romance
","""Juan José Campanella""","""Eduardo Sacheri;Juan José Campanella""","""Ricardo Darín;Soledad Villamil;Pablo Rago""",8.2,"154,339"
The Gold Rush ,1925,"
                        1h 35min
                    ","
1925 (Germany)

 ","""Charles Chaplin""","""Charles Chaplin""","""Charles Chaplin;Mack Swain;Tom Murray""",8.2,"78,280"
Hauru no ugoku shiro ,2004,"
                        1h 59min
                    ","
Animation; 
Adventure; 
Family
","""Hayao Miyazaki""","""Hayao Miyazaki;Diana Wynne Jones""","""Chieko Baishô;Takuya Kimura;Tatsuya Gashûin""",8.2,"250,785"
The Bridge on the River Kwai ,1957,"
                        2h 41min
                    ","
Adventure; 
Drama; 
War
","""David Lean""","""Pierre Boulle;Carl Foreman""","""William Holden;Alec Guinness;Jack Hawkins""",8.2,"168,402"
On the Waterfront ,1954,"
                        1h 48min
                    ","
22 June 1954 (Japan)

 ","""Elia Kazan""","""Budd Schulberg;Budd Schulberg""","""Marlon Brando;Karl Malden;Lee J. Cobb""",8.2,"114,622"
Inside Out ,2015,"
                        1h 35min
                    ","
Animation; 
Adventure; 
Comedy
","""Pete Docter;Ronnie Del Carmen""","""Pete Docter;Ronnie Del Carmen""","""Amy Poehler;Bill Hader;Lewis Black""",8.2,"461,489"
Blade Runner 2049 ,2017,"
                        2h 44min
                    ","
Drama; 
Mystery; 
Sci-Fi
","""Denis Villeneuve""","""Hampton Fancher;Michael Green""","""Harrison Ford;Ryan Gosling;Ana de Armas""",8.2,"234,972"
Det sjunde inseglet ,1957,"
                        1h 36min
                    ","
16 February 1957 (Sweden)

 ","""Ingmar Bergman""","""Ingmar Bergman;Ingmar Bergman""","""Max von Sydow;Gunnar Björnstrand;Bengt Ekerot""",8.2,"127,255"
"Lock, Stock and Two Smoking Barrels ",1998,"
                        1h 47min
                    ","
Comedy; 
Crime
","""Guy Ritchie""","""Guy Ritchie""","""Jason Flemyng;Dexter Fletcher;Nick Moran""",8.2,"459,869"
Room ,2015,"
                        1h 58min
                    ","
Drama
","""Lenny Abrahamson""","""Emma Donoghue;Emma Donoghue""","""Brie Larson;Jacob Tremblay;Sean Bridgers""",8.2,"259,373"
A Beautiful Mind ,2001,"
                        2h 15min
                    ","
Biography; 
Drama
","""Ron Howard""","""Akiva Goldsman;Sylvia Nasar""","""Russell Crowe;Ed Harris;Jennifer Connelly""",8.2,"701,914"
Mr. Smith Goes to Washington ,1939,"
                        2h 9min
                    ","
19 October 1939 (USA)

 ","""Frank Capra""","""Sidney Buchman;Lewis R. Foster""","""James Stewart;Jean Arthur;Claude Rains""",8.2,"86,877"
Casino ,1995,"
                        2h 58min
                    ","
Crime; 
Drama
","""Martin Scorsese""","""Nicholas Pileggi;Nicholas Pileggi""","""Robert De Niro;Sharon Stone;Joe Pesci""",8.2,"377,046"
The Elephant Man ,1980,"
                        2h 4min
                    ","
Biography; 
Drama
","""David Lynch""","""Christopher De Vore;Eric Bergren""","""Anthony Hopkins;John Hurt;Anne Bancroft""",8.2,"182,749"
Blade Runner ,1982,"
                        1h 57min
                    ","
Sci-Fi; 
Thriller
","""Ridley Scott""","""Hampton Fancher;David Webb Peoples""","""Harrison Ford;Rutger Hauer;Sean Young""",8.2,"564,690"
The Wolf of Wall Street ,2013,"
                        3h
                    ","
Biography; 
Comedy; 
Crime
","""Martin Scorsese""","""Terence Winter;Jordan Belfort""","""Leonardo DiCaprio;Jonah Hill;Margot Robbie""",8.2,"925,334"
V for Vendetta ,2005,"
                        2h 12min
                    ","
Action; 
Drama; 
Sci-Fi
","""James McTeigue""","""Lilly Wachowski;Lana Wachowski""","""Hugo Weaving;Natalie Portman;Rupert Graves""",8.2,"886,745"
Smultronstället ,1957,"
                        1h 31min
                    ","
Drama; 
Romance
","""Ingmar Bergman""","""Ingmar Bergman""","""Victor Sjöström;Bibi Andersson;Ingrid Thulin""",8.2,"72,434"
The General ,1926,"
                        1h 7min
                    ","
24 February 1927 (France)

 ","""Clyde Bruckman;Buster Keaton""","""Buster Keaton;Clyde Bruckman""","""Buster Keaton;Marion Mack;Glen Cavender""",8.2,"61,601"
Warrior ,2011,"
                        2h 20min
                    ","
Drama; 
Sport
","""Gavin O'Connor""","""Gavin O'Connor;Anthony Tambakis""","""Tom Hardy;Nick Nolte;Joel Edgerton""",8.2,"373,490"
Dial M for Murder ,1954,"
                        1h 45min
                    ","
29 May 1954 (USA)

 ","""Alfred Hitchcock""","""Frederick Knott;Frederick Knott""","""Ray Milland;Grace Kelly;Robert Cummings""",8.2,"123,982"
Trainspotting ,1996,"
                        1h 34min
                    ","
Drama
","""Danny Boyle""","""Irvine Welsh;John Hodge""","""Ewan McGregor;Ewen Bremner;Jonny Lee Miller""",8.2,"544,466"
Gone with the Wind ,1939,"
                        3h 58min
                    ","
Drama; 
History; 
Romance
","""Victor Fleming;George Cukor""","""Margaret Mitchell;Sidney Howard""","""Clark Gable;Vivien Leigh;Thomas Mitchell""",8.2,"241,381"
Gran Torino ,2008,"
                        1h 56min
                    ","
Drama
","""Clint Eastwood""","""Nick Schenk;Dave Johannson""","""Clint Eastwood;Bee Vang;Christopher Carley""",8.2,"623,514"
The Sixth Sense ,1999,"
                        1h 47min
                    ","
Drama; 
Mystery; 
Thriller
","""M. Night Shyamalan""","""M. Night Shyamalan""","""Bruce Willis;Haley Joel Osment;Toni Collette""",8.1,"783,485"
The Deer Hunter ,1978,"
                        3h 3min
                    ","
Drama; 
War
","""Michael Cimino""","""Michael Cimino;Deric Washburn""","""Robert De Niro;Christopher Walken;John Cazale""",8.2,"260,572"
Fargo ,1996,"
                        1h 38min
                    ","
Crime; 
Drama; 
Thriller
","""Joel Coen;Ethan Coen""","""Ethan Coen;Joel Coen""","""William H. Macy;Frances McDormand;Steve Buscemi""",8.1,"514,156"
No Country for Old Men ,2007,"
                        2h 2min
                    ","
Crime; 
Drama; 
Thriller
","""Ethan Coen;Joel Coen""","""Joel Coen;Ethan Coen""","""Tommy Lee Jones;Javier Bardem;Josh Brolin""",8.1,"698,130"
The Thing ,1982,"
                        1h 49min
                    ","
Horror; 
Mystery; 
Sci-Fi
","""John Carpenter""","""Bill Lancaster;John W. Campbell Jr.""","""Kurt Russell;Wilford Brimley;Keith David""",8.2,"297,715"
Sunrise: A Song of Two Humans ,1927,"
                        1h 34min
                    ","
30 January 1997 (Netherlands)

 ","""F.W. Murnau""","""Carl Mayer;Hermann Sudermann""","""George O'Brien;Janet Gaynor;Margaret Livingston""",8.2,"35,220"
Finding Nemo ,2003,"
                        1h 40min
                    ","
Animation; 
Adventure; 
Comedy
","""Andrew Stanton;Lee Unkrich""","""Andrew Stanton;Andrew Stanton""","""Albert Brooks;Ellen DeGeneres;Alexander Gould""",8.1,"791,889"
There Will Be Blood ,2007,"
                        2h 38min
                    ","
Drama
","""Paul Thomas Anderson""","""Paul Thomas Anderson;Upton Sinclair""","""Daniel Day-Lewis;Paul Dano;Ciarán Hinds""",8.1,"423,896"
The Big Lebowski ,1998,"
                        1h 57min
                    ","
Comedy; 
Crime
","""Joel Coen;Ethan Coen""","""Ethan Coen;Joel Coen""","""Jeff Bridges;John Goodman;Julianne Moore""",8.2,"607,640"
Andrei Rublev ,1966,"
                        3h 25min
                    ","
25 July 1985 (Netherlands)

 ","""Andrei Tarkovsky""","""Andrey Konchalovskiy;Andrei Tarkovsky""","""Anatoliy Solonitsyn;Ivan Lapikov;Nikolay Grinko""",8.3,"29,823"
Idi i smotri ,1985,"
                        2h 22min
                    ","
3 August 1990 (Netherlands)

 ","""Elem Klimov""","""Ales Adamovich;Ales Adamovich""","""Aleksey Kravchenko;Olga Mironova;Liubomiras Laucevicius""",8.2,"33,855"
Tôkyô monogatari ,1953,"
                        2h 16min
                    ","
Drama
","""Yasujirô Ozu""","""Kôgo Noda;Yasujirô Ozu""","""Chishû Ryû;Chieko Higashiyama;Sô Yamamura""",8.2,"34,216"
Eskiya ,1996,"
                        2h 8min
                    ","
29 November 1996 (Turkey)

 ","""Yavuz Turgul""","""Yavuz Turgul""","""Sener Sen;Ugur Yücel;Sermin Hürmeriç""",8.4,"45,838"
Cool Hand Luke ,1967,"
                        2h 6min
                    ","
Crime; 
Drama
","""Stuart Rosenberg""","""Donn Pearce;Frank Pierson""","""Paul Newman;George Kennedy;Strother Martin""",8.2,"133,726"
Rebecca ,1940,"
                        2h 10min
                    ","
Drama; 
Mystery; 
Romance
","""Alfred Hitchcock""","""Daphne Du Maurier;Robert E. Sherwood""","""Laurence Olivier;Joan Fontaine;George Sanders""",8.2,"98,995"
Kill Bill: Vol. 1 ,2003,"
                        1h 51min
                    ","
Action; 
Crime; 
Thriller
","""Quentin Tarantino""","""Quentin Tarantino;Quentin Tarantino""","""Uma Thurman;David Carradine;Daryl Hannah""",8.1,"828,130"
Hacksaw Ridge ,2016,"
                        2h 19min
                    ","
Biography; 
Drama; 
History
","""Mel Gibson""","""Robert Schenkkan;Andrew Knight""","""Andrew Garfield;Sam Worthington;Luke Bracey""",8.2,"297,118"
Hoe tem je een draak ,2010,"
                        1h 38min
                    ","
Animation; 
Adventure; 
Comedy
","""Dean DeBlois;Chris Sanders""","""William Davies;Dean DeBlois""","""Jay Baruchel;Gerard Butler;Christopher Mintz-Plasse""",8.1,"552,556"
Shutter Island ,2010,"
                        2h 18min
                    ","
Mystery; 
Thriller
","""Martin Scorsese""","""Laeta Kalogridis;Dennis Lehane""","""Leonardo DiCaprio;Emily Mortimer;Mark Ruffalo""",8.1,"910,322"
Mary and Max ,2009,"
                        1h 32min
                    ","
1 September 2011 (Netherlands)

 ","""Adam Elliot""","""Adam Elliot""","""Toni Collette;Philip Seymour Hoffman;Eric Bana""",8.1,"136,474"
Gone Girl ,2014,"
                        2h 29min
                    ","
Crime; 
Drama; 
Mystery
","""David Fincher""","""Gillian Flynn;Gillian Flynn""","""Ben Affleck;Rosamund Pike;Neil Patrick Harris""",8.1,"683,560"
Call Me by Your Name ,2017,"
                        2h 12min
                    ","
Drama; 
Romance
","""Luca Guadagnino""","""James Ivory;André Aciman""","""Armie Hammer;Timothée Chalamet;Michael Stuhlbarg""",8.3,"46,616"
Rang De Basanti ,2006,"
                        2h 37min
                    ","
26 January 2006 (India)

 ","""Rakeysh Omprakash Mehra""","""Renzil D'Silva;Prasoon Joshi""","""Aamir Khan;Soha Ali Khan;Siddharth""",8.3,"87,295"
Into the Wild ,2007,"
                        2h 28min
                    ","
Adventure; 
Biography; 
Drama
","""Sean Penn""","""Sean Penn;Jon Krakauer""","""Emile Hirsch;Vince Vaughn;Catherine Keener""",8.1,"484,459"
La passion de Jeanne d'Arc ,1928,"
                        1h 50min
                    ","
9 November 1929 (Netherlands)

 ","""Carl Theodor Dreyer""","""Joseph Delteil;Carl Theodor Dreyer""","""Maria Falconetti;Eugene Silvain;André Berley""",8.2,"31,940"
Life of Brian ,1979,"
                        1h 34min
                    ","
Comedy
","""Terry Jones""","""Graham Chapman;John Cleese""","""Graham Chapman;John Cleese;Michael Palin""",8.1,"303,290"
Het gebeurde op 'n avond ,1934,"
                        1h 45min
                    ","
Comedy; 
Romance
","""Frank Capra""","""Robert Riskin;Samuel Hopkins Adams""","""Clark Gable;Claudette Colbert;Walter Connolly""",8.1,"74,421"
Relatos salvajes ,2014,"
                        2h 2min
                    ","
Comedy; 
Drama; 
Thriller
","""Damián Szifron""","""Germán Servidio;Damián Szifron""","""Darío Grandinetti;María Marull;Mónica Villa""",8.1,"125,708"
Platoon ,1986,"
                        2h
                    ","
Drama; 
War
","""Oliver Stone""","""Oliver Stone""","""Charlie Sheen;Tom Berenger;Willem Dafoe""",8.1,"324,576"
In the Name of the Father ,1993,"
                        2h 13min
                    ","
Biography; 
Drama
","""Jim Sheridan""","""Gerry Conlon;Terry George""","""Daniel Day-Lewis;Pete Postlethwaite;Alison Crosbie""",8.1,"126,886"
Le salaire de la peur ,1953,"
                        2h 11min
                    ","
22 April 1953 (France)

 ","""Henri-Georges Clouzot""","""Georges Arnaud;Henri-Georges Clouzot""","""Yves Montand;Charles Vanel;Peter van Eyck""",8.2,"40,932"
Hotel Rwanda ,2004,"
                        2h 1min
                    ","
Biography; 
Drama; 
History
","""Terry George""","""Keir Pearson;Terry George""","""Don Cheadle;Sophie Okonedo;Joaquin Phoenix""",8.1,"292,254"
Network ,1976,"
                        2h 1min
                    ","
Drama
","""Sidney Lumet""","""Paddy Chayefsky""","""Faye Dunaway;William Holden;Peter Finch""",8.1,"117,624"
Stand by Me ,1986,"
                        1h 29min
                    ","
Adventure; 
Drama
","""Rob Reiner""","""Stephen King;Raynold Gideon""","""Wil Wheaton;River Phoenix;Corey Feldman""",8.1,"306,998"
Rush ,2013,"
                        2h 3min
                    ","
Action; 
Biography; 
Drama
","""Ron Howard""","""Peter Morgan""","""Daniel Brühl;Chris Hemsworth;Olivia Wilde""",8.1,"359,930"
The Grand Budapest Hotel ,2014,"
                        1h 39min
                    ","
Adventure; 
Comedy; 
Drama
","""Wes Anderson""","""Stefan Zweig;Wes Anderson""","""Ralph Fiennes;F. Murray Abraham;Mathieu Amalric""",8.1,"569,734"
Ben Hur ,1959,"
                        3h 32min
                    ","
Adventure; 
Drama; 
History
","""William Wyler""","""Lew Wallace;Karl Tunberg""","""Charlton Heston;Jack Hawkins;Stephen Boyd""",8.1,"182,902"
Persona ,1966,"
                        1h 25min
                    ","
Drama; 
Thriller
","""Ingmar Bergman""","""Ingmar Bergman""","""Bibi Andersson;Liv Ullmann;Margaretha Krook""",8.1,"73,589"
Stalker ,1979,"
                        2h 42min
                    ","
17 April 1980 (Netherlands)

 ","""Andrei Tarkovsky""","""Arkadiy Strugatskiy;Boris Strugatskiy""","""Alisa Freyndlikh;Aleksandr Kaydanovskiy;Anatoliy Solonitsyn""",8.1,"82,479"
Jurassic Park ,1993,"
                        2h 7min
                    ","
Adventure; 
Sci-Fi; 
Thriller
","""Steven Spielberg""","""Michael Crichton;Michael Crichton""","""Sam Neill;Laura Dern;Jeff Goldblum""",8.1,"704,917"
Logan ,2017,"
                        2h 17min
                    ","
Action; 
Drama; 
Sci-Fi
","""James Mangold""","""James Mangold;Scott Frank""","""Hugh Jackman;Patrick Stewart;Dafne Keen""",8.1,"446,835"
Salinui chueok ,2003,"
                        2h 11min
                    ","
2 May 2003 (South Korea)

 ","""Joon-ho Bong""","""Joon-ho Bong;Kwang-rim Kim""","""Kang-ho Song;Sang-kyung Kim;Roe-ha Kim""",8.1,"84,060"
12 Years a Slave ,2013,"
                        2h 14min
                    ","
Biography; 
Drama; 
History
","""Steve McQueen""","""John Ridley;Solomon Northup""","""Chiwetel Ejiofor;Michael Kenneth Williams;Michael Fassbender""",8.1,"521,012"
Les quatre cents coups ,1959,"
                        1h 39min
                    ","
3 June 1959 (France)

 ","""François Truffaut""","""François Truffaut;Marcel Moussy""","""Jean-Pierre Léaud;Albert Rémy;Claire Maurier""",8.1,"80,804"
La La Land ,2016,"
                        2h 8min
                    ","
Comedy; 
Drama; 
Music
","""Damien Chazelle""","""Damien Chazelle""","""Ryan Gosling;Emma Stone;Rosemarie DeWitt""",8.1,"347,357"
Million Dollar Baby ,2004,"
                        2h 12min
                    ","
Drama; 
Sport
","""Clint Eastwood""","""Paul Haggis;F.X. Toole""","""Hilary Swank;Clint Eastwood;Morgan Freeman""",8.1,"541,862"
Spotlight ,2015,"
                        2h 8min
                    ","
Crime; 
Drama; 
History
","""Tom McCarthy""","""Josh Singer;Tom McCarthy""","""Mark Ruffalo;Michael Keaton;Rachel McAdams""",8.1,"307,209"
Mad Max: Fury Road ,2015,"
                        2h
                    ","
Action; 
Adventure; 
Sci-Fi
","""George Miller""","""George Miller;Brendan McCarthy""","""Tom Hardy;Charlize Theron;Nicholas Hoult""",8.1,"689,512"
The Truman Show ,1998,"
                        1h 43min
                    ","
Comedy; 
Drama; 
Sci-Fi
","""Peter Weir""","""Andrew Niccol""","""Jim Carrey;Ed Harris;Laura Linney""",8.1,"762,050"
A Wednesday ,2008,"
                        1h 44min
                    ","
5 September 2008 (India)

 ","""Neeraj Pandey""","""Neeraj Pandey;Neeraj Pandey""","""Anupam Kher;Naseeruddin Shah;Jimmy Shergill""",8.3,"57,403"
Amores perros ,2000,"
                        2h 34min
                    ","
Drama; 
Thriller
","""Alejandro G. Iñárritu""","""Guillermo Arriaga""","""Emilio Echevarría;Gael García Bernal;Goya Toledo""",8.1,"191,850"
Butch Cassidy and the Sundance Kid ,1969,"
                        1h 50min
                    ","
Biography; 
Crime; 
Drama
","""George Roy Hill""","""William Goldman""","""Paul Newman;Robert Redford;Katharine Ross""",8.1,"170,506"
Before Sunrise ,1995,"
                        1h 41min
                    ","
Drama; 
Romance
","""Richard Linklater""","""Richard Linklater;Kim Krizan""","""Ethan Hawke;Julie Delpy;Andrea Eckert""",8.1,"213,603"
Hachi: A Dog's Tale ,2009,"
                        1h 33min
                    ","
Drama; 
Family
","""Lasse Hallström""","""Stephen P. Lindsey;Kaneto Shindô""","""Richard Gere;Joan Allen;Cary-Hiroyuki Tagawa""",8.1,"194,807"
Kaze no tani no Naushika ,1984,"
                        1h 57min
                    ","
Animation; 
Adventure; 
Fantasy
","""Hayao Miyazaki""","""Hayao Miyazaki;Hayao Miyazaki""","""Sumi Shimamoto;Mahito Tsujimura;Hisako Kyôda""",8.1,"112,766"
The Princess Bride ,1987,"
                        1h 38min
                    ","
Adventure; 
Family; 
Fantasy
","""Rob Reiner""","""William Goldman;William Goldman""","""Cary Elwes;Mandy Patinkin;Robin Wright""",8.1,"328,834"
Prisoners ,2013,"
                        2h 33min
                    ","
Crime; 
Drama; 
Mystery
","""Denis Villeneuve""","""Aaron Guzikowski""","""Hugh Jackman;Jake Gyllenhaal;Viola Davis""",8.1,"468,383"
The Maltese Falcon ,1941,"
                        1h 40min
                    ","
Film-Noir; 
Mystery
","""John Huston""","""John Huston;Dashiell Hammett""","""Humphrey Bogart;Mary Astor;Gladys George""",8.1,"127,113"
Le notti di Cabiria ,1957,"
                        1h 50min
                    ","
Drama
","""Federico Fellini""","""Federico Fellini;Ennio Flaiano""","""Giulietta Masina;François Périer;Franca Marzi""",8.2,"31,440"
Harry Potter and the Deathly Hallows: Part 2 ,2011,"
                        2h 10min
                    ","
Adventure; 
Drama; 
Fantasy
","""David Yates""","""Steve Kloves;J.K. Rowling""","""Daniel Radcliffe;Emma Watson;Rupert Grint""",8.1,"627,144"
Catch Me If You Can ,2002,"
                        2h 21min
                    ","
Biography; 
Crime; 
Drama
","""Steven Spielberg""","""Jeff Nathanson;Frank Abagnale Jr.""","""Leonardo DiCaprio;Tom Hanks;Christopher Walken""",8.1,"635,206"
Rocky ,1976,"
                        2h
                    ","
Drama; 
Sport
","""John G. Avildsen""","""Sylvester Stallone""","""Sylvester Stallone;Talia Shire;Burt Young""",8.1,"429,825"
The Grapes of Wrath ,1940,"
                        2h 9min
                    ","
15 March 1940 (USA)

 ","""John Ford""","""Nunnally Johnson;John Steinbeck""","""Henry Fonda;Jane Darwell;John Carradine""",8.1,"71,425"
Paper Moon ,1973,"
                        1h 42min
                    ","
Comedy; 
Crime; 
Drama
","""Peter Bogdanovich""","""Joe David Brown;Alvin Sargent""","""Ryan O'Neal;Tatum O'Neal;Madeline Kahn""",8.2,"28,879"
Demonen ,1955,"
                        1h 57min
                    ","
Crime; 
Drama; 
Horror
","""Henri-Georges Clouzot""","""Pierre Boileau;Thomas Narcejac""","""Simone Signoret;Véra Clouzot;Paul Meurisse""",8.1,"48,529"
"Monsters, Inc. ",2001,"
                        1h 32min
                    ","
Animation; 
Adventure; 
Comedy
","""Pete Docter;David Silverman""","""Pete Docter;Jill Culton""","""Billy Crystal;John Goodman;Mary Gibbs""",8.1,"669,882"
Barry Lyndon ,1975,"
                        3h 5min
                    ","
Adventure; 
Drama; 
History
","""Stanley Kubrick""","""Stanley Kubrick;William Makepeace Thackeray""","""Ryan O'Neal;Marisa Berenson;Patrick Magee""",8.1,"116,270"
Donnie Darko ,2001,"
                        1h 53min
                    ","
Drama; 
Sci-Fi; 
Thriller
","""Richard Kelly""","""Richard Kelly""","""Jake Gyllenhaal;Jena Malone;Mary McDonnell""",8.1,"650,423"
Gandhi ,1982,"
                        3h 11min
                    ","
Biography; 
Drama; 
History
","""Richard Attenborough""","""John Briley""","""Ben Kingsley;John Gielgud;Candice Bergen""",8.1,"191,573"
Touch of Evil ,1958,"
                        1h 35min
                    ","
Crime; 
Drama; 
Film-Noir
","""Orson Welles""","""Orson Welles;Whit Masterson""","""Charlton Heston;Orson Welles;Janet Leigh""",8.1,"81,574"
The Terminator ,1984,"
                        1h 47min
                    ","
Action; 
Sci-Fi
","""James Cameron""","""James Cameron;Gale Anne Hurd""","""Arnold Schwarzenegger;Linda Hamilton;Michael Biehn""",8.0,"672,571"
Dunkirk ,2017,"
                        1h 46min
                    ","
Action; 
Drama; 
History
","""Christopher Nolan""","""Christopher Nolan""","""Fionn Whitehead;Barry Keoghan;Mark Rylance""",8.1,"340,109"
Groundhog Day ,1993,"
                        1h 41min
                    ","
Comedy; 
Fantasy; 
Romance
","""Harold Ramis""","""Danny Rubin;Harold Ramis""","""Bill Murray;Andie MacDowell;Chris Elliott""",8.0,"497,857"
The Wizard of Oz ,1939,"
                        1h 42min
                    ","
Adventure; 
Family; 
Fantasy
","""Victor Fleming;George Cukor""","""Noel Langley;Florence Ryerson""","""Judy Garland;Frank Morgan;Ray Bolger""",8.1,"324,561"
La haine ,1995,"
                        1h 38min
                    ","
Crime; 
Drama
","""Mathieu Kassovitz""","""Mathieu Kassovitz""","""Vincent Cassel;Hubert Koundé;Saïd Taghmaoui""",8.1,"118,785"
Annie Hall ,1977,"
                        1h 33min
                    ","
Comedy; 
Romance
","""Woody Allen""","""Woody Allen;Marshall Brickman""","""Woody Allen;Diane Keaton;Tony Roberts""",8.1,"219,747"
The Bourne Ultimatum ,2007,"
                        1h 55min
                    ","
Action; 
Mystery; 
Thriller
","""Paul Greengrass""","""Tony Gilroy;Scott Z. Burns""","""Matt Damon;Edgar Ramírez;Joan Allen""",8.0,"548,130"
8½ ,1963,"
                        2h 18min
                    ","
Drama
","""Federico Fellini""","""Federico Fellini;Ennio Flaiano""","""Marcello Mastroianni;Anouk Aimée;Claudia Cardinale""",8.1,"89,095"
Jaws ,1975,"
                        2h 4min
                    ","
Adventure; 
Drama; 
Thriller
","""Steven Spielberg""","""Peter Benchley;Carl Gottlieb""","""Roy Scheider;Robert Shaw;Richard Dreyfuss""",8.0,"467,017"
Dead Poets Society ,1989,"
                        2h 8min
                    ","
Comedy; 
Drama
","""Peter Weir""","""Tom Schulman""","""Robin Williams;Robert Sean Leonard;Ethan Hawke""",8.1,"318,004"
La leggenda del pianista sull'oceano ,1998,"
                        2h 45min
                    ","
Drama; 
Music; 
Romance
","""Giuseppe Tornatore""","""Alessandro Baricco;Giuseppe Tornatore""","""Tim Roth;Pruitt Taylor Vince;Bill Nunn""",8.1,"46,819"
De beste jaren van ons leven ,1946,"
                        2h 50min
                    ","
30 January 1948 (Netherlands)

 ","""William Wyler""","""Robert E. Sherwood;MacKinlay Kantor""","""Myrna Loy;Dana Andrews;Fredric March""",8.1,"45,759"
Faa yeung nin wa ,2000,"
                        1h 38min
                    ","
Drama; 
Romance
","""Kar-Wai Wong""","""Kar-Wai Wong""","""Tony Chiu-Wai Leung;Maggie Cheung;Ping Lam Siu""",8.1,"90,522"
The Help ,2011,"
                        2h 26min
                    ","
Drama
","""Tate Taylor""","""Tate Taylor;Kathryn Stockett""","""Emma Stone;Viola Davis;Octavia Spencer""",8.1,"360,042"
Mou gaan dou ,2002,"
                        1h 41min
                    ","
Crime; 
Drama; 
Mystery
","""Wai-Keung Lau;Alan Mak""","""Alan Mak;Felix Chong""","""Andy Lau;Tony Chiu-Wai Leung;Anthony Chau-Sang Wong""",8.1,"102,758"
Twelve Monkeys ,1995,"
                        2h 9min
                    ","
Mystery; 
Sci-Fi; 
Thriller
","""Terry Gilliam""","""Chris Marker;David Webb Peoples""","""Bruce Willis;Madeleine Stowe;Brad Pitt""",8.0,"510,635"
"Paris, Texas ",1984,"
                        2h 25min
                    ","
Drama
","""Wim Wenders""","""L.M. Kit Carson;Sam Shepard""","""Harry Dean Stanton;Nastassja Kinski;Dean Stockwell""",8.1,"60,936"
Ah-ga-ssi ,2016,"
                        2h 24min
                    ","
Crime; 
Drama; 
Mystery
","""Chan-wook Park""","""Sarah Waters;Seo-kyeong Jeong""","""Min-hee Kim;Jung-woo Ha;Jin-woong Jo""",8.1,"53,842"
Belle en het Beest ,1991,"
                        1h 24min
                    ","
Animation; 
Family; 
Fantasy
","""Gary Trousdale;Kirk Wise""","""Linda Woolverton;Brenda Chapman""","""Paige O'Hara;Robby Benson;Jesse Corti""",8.0,"355,919"
Tenkû no shiro Rapyuta ,1986,"
                        2h 5min
                    ","
2 August 1986 (Japan)

 ","""Hayao Miyazaki""","""Hayao Miyazaki""","""Anna Paquin;James Van Der Beek;Cloris Leachman""",8.1,"113,230"
Pirates of the Caribbean: The Curse of the Black Pearl ,2003,"
                        2h 23min
                    ","
Action; 
Adventure; 
Fantasy
","""Gore Verbinski""","""Ted Elliott;Terry Rossio""","""Johnny Depp;Geoffrey Rush;Orlando Bloom""",8.0,"902,488"
Dog Day Afternoon ,1975,"
                        2h 5min
                    ","
Biography; 
Crime; 
Drama
","""Sidney Lumet""","""Frank Pierson;P.F. Kluge""","""Al Pacino;John Cazale;Penelope Allen""",8.0,"203,667"
